AAC,Very High
AAX,High
ABR,Very High
ACA,Very High
ACB,Very High
ACE,Very High
ACF,Very High
ACG,High
ACL,Very High
ACO,Very High
ACP,Very High
ACR,Very High
ACS,Very High
ACT,Very High
ACV,Very High
ACW,Very High
ADE,Very High
ADN,Very High
ADO,Very High
ADP,Very High
ADT,Very High
AEP,High
AET,High
AEX,Very High
AHK,Very High
AHS,Very High
AHU,Very High
AIA,Very High
AIF,Very High
AIP,Very High
AIR,Very High
AIT,Very High
ALS,High
ALV,Very High
AMC,Very High
AMF,Very High
AMP,Very High
AMR,Very High
AMS,Very High
AMV,Very High
ANI,Very High
AOB,Very High
AOM,Medium
APC,Very High
APD,Medium
APE,Very High
API,Very High
APK,Very High
APL,Very High
APP,Medium
ARC,Very High
ARD,Medium
ARJ,Very High
ARN,Very High
ARS,Medium
ART,Medium
ARW,Very High
ARX,High
ASA,Very High
ASC,Very High
ASD,High
ASE,Very High
ASF,Very High
ASL,Very High
ASM,Very High
ASP,Very High
ASS,Very High
AST,Very High
ASV,Very High
ASX,Very High
ATC,Very High
ATF,Very High
ATN,Very High
AUP,Very High
AVA,Very High
AVI,Very High
AVR,Very High
AVS,Very High
AWB,Very High
AWF,Very High
AWS,High
AXD,Very High
AXP,Very High
AXT,Very High
AZL,Medium
AZS,Medium
AZW,Medium
BAK,High
BAS,Very High
BAT,Very High
BAU,Very High
BAY,High
BCF,Medium
BCI,Medium
BCP,Very High
BDB,Medium
BDC,Medium
BFC,Very High
BFR,Very High
BGI,Very High
BHX,Very High
BIB,Medium
BIF,Medium
BIK,Very High
BIN,Very High
BKF,Very High
BKS,Medium
BLG,Very High
BLK,High
BLW,Very High
BMP,Very High
BMS,Medium
BPG,Medium
BPR,Medium
BRU,Medium
BSC,Very High
BSF,Medium
BSP,Very High
BUP,High
BWF,High
BWI,Medium
BWT,Very High
BWZ,Medium
CAB,Very High
CAF,Very High
CAL,High
CAM,Very High
CAP,Very High
CAT,Very High
CBP,Medium
CBR,Very High
CBT,Medium
CBZ,Very High
CCD,Very High
CCF,High
CDA,Very High
CDC,Very High
CDF,Very High
CDI,Very High
CDR,Very High
CDT,Medium
CDX,Very High
CEL,Very High
CER,Very High
CFC,High
CFF,Medium
CFG,Very High
CFM,Very High
CGM,High
CHA,Very High
CHK,Very High
CHM,Very High
CHR,Medium
CHX,High
CIF,Very High
CIL,High
CIN,Very High
CLK,Medium
CLP,Very High
CLR,Very High
CLS,High
CLX,Very High
CMD,Very High
CMX,High
CNF,Very High
COD,Very High
COL,Very High
COM,Very High
COV,High
CPE,Medium
CPL,Very High
CPP,Very High
CPT,High
CRD,Very High
CRL,Very High
CRT,Very High
CRW,Very High
CRX,Very High
CSF,Very High
CSH,Very High
CSL,High
CSP,Medium
CSS,Very High
CSV,Very High
CTB,Medium
CTF,Medium
CTL,High
CTM,Medium
CTP,Medium
CTT,Very High
CTX,Medium
CUE,Very High
CUI,High
CUR,Very High
CUS,High
CUT,High
CXX,Very High
DAA,High
DAE,High
DAO,Medium
DAT,Very High
DAV,High
DBF,High
DBP,Medium
DBQ,High
DBT,High
DBX,Very High
DCE,Medium
DCL,High
DCM,Very High
DCP,Very High
DCR,Very High
DCS,Very High
DCT,Very High
DCX,Very High
DDF,Medium
DDS,Very High
DEB,Very High
DEF,Very High
DEL,High
DEM,Very High
DER,Very High
DES,High
DET,Very High
DEU,High
DEV,Medium
DFF,Medium
DFM,Medium
DFT,Medium
DGN,High
DHT,Medium
DIB,Very High
DIC,Very High
DIF,Very High
DIM,Medium
DIV,Very High
DIZ,Very High
DJV,Very High
DLC,High
DLL,Very High
DLP,Medium
DLX,Very High
DMB,High
DMF,Medium
DMG,Very High
DMM,Medium
DMP,Very High
DMX,Medium
DNG,Very High
DOB,Medium
DOC,Very High
DOP,Medium
DOT,Very High
DOX,Medium
DPG,Medium
DPK,Medium
DPL,Medium
DPR,Medium
DPS,High
DPT,Medium
DPX,High
DQY,Very High
DRC,Very High
DRI,Very High
DRP,Medium
DRV,Very High
DRW,Medium
DSA,Very High
DSD,Medium
DSF,High
DSH,Medium
DSK,High
DSM,Very High
DSN,Very High
DSP,Very High
DSR,Medium
DSS,Very High
DST,High
DSV,Very High
DSW,Very High
DSX,High
DTD,Very High
DTS,Very High
DTX,Medium
DUN,Very High
DVB,High
DVD,Very High
DVF,Medium
DVI,Medium
DVR,Very High
DVS,Medium
DWF,Medium
DWG,Very High
DWI,Very High
DWP,Very High
DWS,High
DWT,Very High
DXB,Medium
DXE,Medium
DXF,Very High
DXP,Very High
DXT,Medium
DXU,Medium
DXX,High
DZM,Very High
DZP,Very High
DZS,Medium
DZT,Very High
EAP,Very High
EAR,Medium
EBS,Medium
ECS,Very High
ECT,Medium
ECW,Very High
EDN,High
EFU,High
EGV,Medium
EIF,Medium
EIP,Medium
ELM,Very High
EMF,Very High
EML,Very High
ENC,Very High
ENV,Very High
EPF,Very High
EPR,Medium
EPS,Very High
ERF,Very High
ERR,High
ESP,Medium
ETA,High
ETD,Medium
ETL,Very High
EVO,Very High
EVR,High
EVT,Very High
EXC,Very High
EXE,Very High
EXP,Very High
EXR,Very High
FAD,Very High
FAR,Very High
FAS,High
FAT,Very High
FAV,Very High
FAX,High
FBX,Very High
FCD,High
FCS,Very High
FDC,Very High
FDF,Very High
FDM,Very High
FFA,Very High
FFF,Very High
FFL,Very High
FFO,Very High
FFT,Very High
FFX,Very High
FIG,High
FIT,Very High
FLA,Very High
FLC,Very High
FLD,Medium
FLI,Very High
FLP,Very High
FLT,Very High
FLV,Very High
FMP,High
FMX,Medium
FND,Very High
FON,Very High
FPT,Medium
FPX,Very High
FRA,High
FRG,Very High
FRM,High
FRX,High
FSC,Medium
FSH,Very High
FSI,Very High
FST,Medium
FSX,Very High
FTH,High
FTX,Very High
FWP,High
FXG,Very High
FXP,High
GBR,Very High
GCA,Medium
GCD,High
GCW,Medium
GED,Medium
GEM,Medium
GFE,High
GFS,Very High
GGC,Medium
GIF,Very High
GIH,Very High
GLB,High
GLK,Very High
GOM,High
GPB,Very High
GPS,Very High
GPX,Medium
GRA,Very High
GRD,Very High
GRF,Medium
GRP,Very High
GRV,Very High
GSA,Very High
GSF,High
GSH,Medium
GSM,Very High
GTA,Very High
GVI,Very High
GXF,Very High
HDD,Very High
HDI,High
HDP,Very High
HDR,Very High
HEX,Medium
HFS,Very High
HHC,High
HHK,Medium
HHP,High
HLP,Very High
HML,Medium
HOL,Very High
HPP,Very High
HQX,Very High
HSH,Medium
HTA,Very High
HTC,Very High
HTK,Very High
HTM,Very High
HTT,Very High
HTW,Medium
HTX,Very High
HXA,Very High
HXC,Very High
HXD,Very High
HXE,Very High
HXF,Very High
HXH,Very High
HXI,Very High
HXK,Very High
HXQ,Very High
HXR,Very High
HXS,Very High
HXT,Very High
HXV,Very High
HXW,Very High
HXX,Very High
HYP,Very High
IBC,Very High
IBP,Medium
IBQ,High
ICA,High
ICB,High
ICC,Very High
ICL,Very High
ICM,Very High
ICN,Medium
ICO,Very High
ICS,Very High
IDB,Very High
IDC,Medium
IDL,Very High
IDX,Very High
IFF,Very High
IFO,Very High
IGP,Very High
III,Very High
IIQ,High
ILK,Very High
IMA,Very High
IMG,Very High
IMP,Medium
IMZ,Medium
INC,Very High
INF,Very High
INI,Very High
INL,Very High
INS,Very High
INT,High
INX,Very High
ION,Medium
IPA,Very High
IPG,Very High
IPR,Medium
IQY,Very High
IRS,Very High
ISA,Very High
ISO,Very High
ISP,Very High
ISS,Very High
ISZ,Very High
ITA,Medium
ITE,Very High
ITL,Very High
ITS,Very High
ITZ,Very High
IVB,Medium
IVF,Very High
IVR,Very High
JAD,High
JAR,Very High
JBF,Very High
JBR,Medium
JCD,Medium
JDC,Medium
JDF,Very High
JFR,High
JIF,Very High
JLS,Very High
JNG,Very High
JNT,Very High
JOB,Very High
JOD,Very High
JPC,Very High
JPE,Very High
JPF,High
JPG,Very High
JPK,Medium
JPM,Very High
JPS,Very High
JPX,High
JSE,Very High
JSF,High
JSL,Medium
JSP,Very High
JSX,Very High
JTP,Very High
JTX,Very High
JXR,Very High
KAR,Very High
KDC,Very High
KEY,Very High
KGB,Very High
KGE,Very High
KML,Very High
KMZ,Very High
KOA,Medium
KPL,Very High
KSF,Very High
KYS,Very High
LAS,High
LBI,Very High
LBM,Very High
LBX,Medium
LCD,Medium
LDB,Very High
LDF,Very High
LEX,Very High
LHA,Very High
LIB,Very High
LIC,Very High
LIN,High
LIT,Very High
LJP,Medium
LLI,Medium
LML,Medium
LNG,High
LNK,Very High
LOG,Very High
LPP,Medium
LSP,High
LST,Very High
LTX,Medium
LUA,High
LVF,Medium
LVR,Medium
LWF,High
LWV,Very High
LZH,Very High
LZO,Very High
MAC,Very High
MAD,Very High
MAF,Very High
MAG,Very High
MAK,Very High
MAM,Very High
MAP,Very High
MAQ,Very High
MAR,Very High
MAS,Very High
MAT,Very High
MAU,Very High
MAV,Very High
MAW,Very High
MAX,Medium
MBF,Medium
MBP,Medium
MBR,High
MCD,Medium
MCF,Medium
MCL,Very High
MCP,Medium
MCR,High
MDA,Very High
MDB,Very High
MDE,Very High
MDF,Very High
MDI,Very High
MDL,High
MDN,Very High
MDP,Very High
MDS,Very High
MDT,Very High
MDW,Very High
MDX,Very High
MDZ,Very High
MED,High
MEF,Very High
MEM,Medium
MEO,Very High
MET,Medium
MFE,Medium
MFP,Very High
MFW,High
MGC,Very High
MHT,Very High
MID,Very High
MIF,Medium
MIG,Very High
MIM,Very High
MIX,Medium
MIZ,Very High
MJD,Very High
MKA,Very High
MKS,Medium
MKV,Very High
MLC,Very High
MLI,High
MLN,High
MLP,Very High
MMC,Medium
MML,Very High
MMM,Very High
MMP,Very High
MMS,Medium
MMV,High
MMW,Very High
MNG,Very High
MNL,Medium
MNO,Very High
MNR,Medium
MNS,High
MNU,Very High
MOD,Very High
MOH,Very High
MOS,Very High
MOV,Very High
MPA,Very High
MPC,Very High
MPD,High
MPE,Very High
MPF,Very High
MPG,Very High
MPL,Very High
MPM,High
MPO,Very High
MPP,Very High
MPR,Medium
MPS,High
MPT,High
MPV,Very High
MPW,High
MPX,Very High
MQV,Very High
MRW,Very High
MSC,Very High
MSE,Medium
MSG,Very High
MSI,Very High
MSL,High
MSM,Medium
MSP,Very High
MST,Medium
MSU,Very High
MSV,High
MTL,High
MTM,Very High
MTS,Very High
MTV,Very High
MTX,High
MVD,Medium
MVG,Medium
MXF,Very High
MXI,Very High
MXP,Very High
MYD,Medium
NAB,High
NBA,High
NBI,Very High
NBS,Medium
NBT,High
NBU,Medium
NBV,Medium
NCB,Very High
NCD,Very High
NCO,Very High
NCP,Medium
NCS,Very High
NCT,Very High
NCW,High
NDA,High
NDF,Very High
NDS,Medium
NEF,Very High
NEX,Medium
NFC,Medium
NFL,High
NFO,Very High
NGG,High
NHB,Medium
NHD,Medium
NHF,Very High
NHV,Very High
NJI,Very High
NJT,High
NLD,Medium
NLM,High
NMD,Very High
NMW,Very High
NOL,Very High
NRA,Very High
NRB,Very High
NRC,Very High
NRD,Very High
NRE,Very High
NRG,Very High
NRH,Very High
NRI,Very High
NRJ,Very High
NRM,Very High
NRS,Very High
NRU,Very High
NRV,Very High
NRW,Very High
NSA,Very High
NSD,Very High
NSH,High
NSI,High
NST,Very High
NSV,Very High
NTH,Medium
NUT,Medium
NUV,Very High
NVC,Very High
NWS,Very High
NZB,High
OBD,Very High
OBJ,Very High
OBT,Very High
OBZ,Very High
OCA,Medium
OCX,Very High
ODB,Very High
ODC,Very High
ODF,Very High
ODG,Very High
ODH,Very High
ODL,Very High
ODM,Very High
ODP,Very High
ODS,Very High
ODT,Very High
OEX,Very High
OFR,Very High
OFS,Very High
OFT,Very High
OGA,Very High
OGG,Very High
OGM,Very High
OGV,Very High
OGX,Very High
OKT,Very High
OLS,Very High
OMA,Very High
OMF,Medium
ONE,Very High
OPC,Very High
OPX,Medium
OQY,Very High
ORA,Medium
ORF,Very High
OSS,High
OST,Very High
OTF,Very High
OTG,Very High
OTH,Very High
OTM,Very High
OTP,Very High
OTS,Very High
OTT,Very High
OUT,Very High
OVA,Very High
OVF,Very High
OXT,Very High
PAB,Very High
PAF,Very High
PAG,Medium
PAK,High
PAL,Very High
PAR,High
PAS,High
PAT,Very High
PBF,Medium
PBG,Medium
PBJ,High
PBK,Very High
PBM,Very High
PCA,Medium
PCB,Very High
PCC,Medium
PCD,Very High
PCH,Very High
PCM,Medium
PCT,Very High
PCX,Very High
PDB,Very High
PDD,Very High
PDE,Medium
PDF,Very High
PDI,Very High
PDL,High
PDN,Very High
PDP,Very High
PDS,High
PDT,Medium
PDX,Very High
PEA,Very High
PEF,Very High
PEG,Medium
PFD,Medium
PFM,Very High
PFX,Very High
PGF,High
PGM,Very High
PGP,High
PGX,Medium
PHP,Very High
PIC,Very High
PIF,Very High
PIP,Very High
PIX,Very High
PKF,Medium
PKO,Very High
PKP,Medium
PKT,Very High
PLE,Very High
PLG,Medium
PLN,Very High
PLS,Very High
PLT,High
PLY,Very High
PMA,Very High
PMC,Very High
PMD,Medium
PMG,Medium
PML,Very High
PMP,Very High
PMR,Very High
PMV,Medium
PMW,Very High
PNF,Very High
PNG,Very High
PNM,Very High
PNS,Very High
PNT,Very High
POT,Very High
PPA,Very High
PPI,High
PPJ,High
PPK,Very High
PPM,Very High
PPP,Medium
PPR,Medium
PPS,Very High
PPT,Very High
PRC,Very High
PRE,Very High
PRF,Very High
PRG,Medium
PRJ,Medium
PRM,Very High
PRN,Medium
PRO,Medium
PRS,Medium
PSB,Very High
PSD,Very High
PSF,Very High
PSH,Medium
PSM,High
PSP,Very High
PSS,High
PST,Very High
PSW,Very High
PTB,Medium
PTL,Medium
PTM,Very High
PTW,High
PTX,Medium
PUB,Very High
PVA,Very High
PVF,Very High
PWD,Medium
PWI,Medium
PWP,Medium
PWT,Very High
PWZ,Very High
PXI,High
PXL,Medium
PXR,Very High
PXT,Medium
PYC,Very High
PYD,High
PYO,Very High
PYS,Medium
PYW,Very High
PYZ,Very High
QCP,Very High
QDB,Medium
QDF,Medium
QDR,Medium
QDS,Very High
QDT,Medium
QFX,Medium
QHT,Very High
QIF,Medium
QPA,Very High
QPX,Medium
QTI,Very High
QTL,Very High
QTP,Very High
QTR,Very High
QTS,Very High
QTX,Very High
QUE,Medium
RAF,Very High
RAM,Very High
RAR,Very High
RAS,Very High
RAT,Very High
RAW,Very High
RAX,High
RCD,Medium
RCT,Very High
RDC,Medium
RDF,Very High
RDL,Medium
RDP,Very High
REC,Very High
RED,Medium
REG,Very High
REM,Very High
REP,Medium
RES,Very High
REV,Very High
RFB,High
RFC,High
RFN,High
RFP,High
RFQ,High
RFT,High
RFX,High
RGB,Very High
RGS,Very High
RJT,High
RLA,Medium
RLE,Very High
RLL,Very High
RMF,Very High
RMG,Medium
RMI,Very High
RMJ,Very High
RML,High
RMM,Very High
RMP,Very High
RMS,Very High
RMX,Very High
RNK,Very High
RNX,Very High
ROQ,High
RPF,Medium
RPL,Very High
RPM,Very High
RPT,High
RQY,Very High
RRB,Medium
RRS,Medium
RSB,Medium
RSC,High
RSS,Very High
RTC,Medium
RTF,Very High
RUN,High
RVX,High
RWL,Very High
RWZ,Very High
SAM,Medium
SAP,Medium
SAT,High
SAV,Very High
SAZ,Medium
SBE,Very High
SBI,Very High
SBR,Very High
SBS,Very High
SBX,Very High
SCC,Medium
SCD,High
SCF,Very High
SCH,Very High
SCP,Very High
SCR,Very High
SCT,Very High
SDA,High
SDB,Very High
SDC,High
SDD,High
SDF,Very High
SDG,Very High
SDL,Very High
SDP,Very High
SDS,Very High
SDV,Very High
SDW,Very High
SFA,Medium
SFF,Very High
SFV,Very High
SFW,Very High
SGI,Very High
SGL,High
SHA,Medium
SHB,Very High
SHC,Very High
SHH,Very High
SHN,Very High
SHP,High
SHS,Very High
SHX,High
SID,Very High
SIF,Medium
SIG,Medium
SIS,High
SIT,Very High
SKM,Very High
SKP,High
SKS,Medium
SLB,High
SLD,Very High
SLG,Medium
SLK,Very High
SLL,Medium
SLN,Very High
SMF,Very High
SMI,Very High
SMK,Very High
SMP,Medium
SND,Very High
SNK,Very High
SNP,Very High
SOB,Very High
SOC,Very High
SOD,Very High
SOE,Very High
SOG,Very High
SOH,Very High
SOP,Medium
SPC,Very High
SPF,High
SPJ,Very High
SPL,Very High
SPS,High
SPU,Medium
SPX,Very High
SQL,Very High
SRF,Very High
SRT,Very High
SRW,Very High
SSA,Very High
SSC,Medium
SSF,Medium
SSM,High
SST,Very High
STA,Very High
STB,High
STC,Very High
STD,Very High
STE,Very High
STF,Very High
STG,Medium
STI,Very High
STL,Very High
STM,Very High
STP,Medium
STW,Very High
STX,Medium
STY,Medium
STZ,Very High
SUB,Very High
SUN,Very High
SUO,Very High
SUP,Medium
SVC,Very High
SVG,Very High
SVI,High
SWC,High
SWD,High
SWF,Very High
SWM,Very High
SWT,High
SWZ,Medium
SXC,Very High
SXD,Very High
SXG,Very High
SXI,Very High
SXM,Very High
SXW,Very High
SYC,Very High
SYS,Very High
TAB,Medium
TAK,Very High
TAO,Medium
TAR,Very High
TAZ,Very High
TBS,High
TBZ,Very High
TCS,Very High
TDF,Medium
TDS,Medium
TEX,High
TGA,Very High
TGZ,Very High
THM,Very High
THP,Very High
TIB,High
TIF,Very High
TIM,Medium
TIP,Very High
TIS,High
TIX,High
TLA,High
TLB,Medium
TLH,Very High
TLI,Very High
TLS,High
TLZ,Very High
TMD,Medium
TMP,Medium
TOC,Medium
TOD,Very High
TPC,Very High
TPL,Very High
TPP,Medium
TPR,Very High
TPS,Very High
TPZ,Very High
TQL,Medium
TRC,Very High
TRG,Very High
TRN,Very High
TRP,Very High
TRX,Very High
TSX,Medium
TSZ,Medium
TTA,Very High
TTC,Very High
TTF,Very High
TTS,Very High
TUB,High
TUW,Medium
TVC,Very High
TVP,Very High
TVS,Very High
TWS,Medium
TXT,Very High
TXZ,Very High
UDC,Very High
UDF,Very High
UDL,Very High
UHA,Very High
UIF,Very High
ULS,Very High
ULT,Very High
UMX,Very High
UNT,High
URL,Very High
USF,Medium
UTI,Very High
UTS,Very High
UUE,Very High
VAF,Medium
VAL,Medium
VAP,Medium
VBE,Very High
VBG,Medium
VBL,Medium
VBP,Medium
VBR,Medium
VBS,Very High
VBW,Medium
VBZ,Medium
VCD,High
VCF,Very High
VCG,Very High
VCP,Very High
VCS,Very High
VCW,Very High
VCX,Medium
VDA,High
VDI,Very High
VDP,Very High
VDW,Very High
VDX,Very High
VEG,Medium
VFD,Very High
VFW,Medium
VHD,Very High
VLB,Very High
VLC,Very High
VLT,High
VMC,Very High
VMG,Medium
VMT,Very High
VMX,Very High
VNC,Very High
VOB,Very High
VOC,Very High
VOR,High
VOX,Very High
VPJ,High
VPK,Medium
VPR,Very High
VQF,Very High
VRO,Very High
VSD,Very High
VSH,Medium
VSI,Very High
VSL,Very High
VSP,Very High
VSS,Very High
VST,Very High
VSU,Very High
VSV,Very High
VSW,High
VSX,Very High
VSZ,Very High
VTT,Medium
VTX,Very High
VUD,Very High
VUP,Medium
VWR,High
VXD,Very High
WAB,Very High
WAL,Very High
WAR,High
WAV,Very High
WAX,Very High
WBK,Very High
WBM,Very High
WCS,Very High
WCT,Medium
WCX,Very High
WDB,Medium
WDP,Very High
WDX,Medium
WEB,Very High
WFX,Medium
WGT,Very High
WGZ,High
WHT,Very High
WIL,Medium
WIM,Very High
WIN,Very High
WIQ,Very High
WIT,Medium
WIZ,Very High
WJF,High
WKS,High
WLG,High
WLL,Very High
WLX,Medium
WLZ,Very High
WMA,Very High
WMD,Very High
WMF,Very High
WMP,Very High
WMS,Very High
WMV,Very High
WMX,Very High
WMZ,Very High
WPA,Very High
WPC,Very High
WPD,Very High
WPG,High
WPJ,High
WPL,Very High
WPP,Medium
WPS,Very High
WPT,High
WPZ,Very High
WRI,Very High
WRK,Very High
WSA,Medium
WSB,Medium
WSC,Very High
WSF,Very High
WSH,Very High
WSP,High
WSZ,Very High
WTV,Very High
WTX,Very High
WVE,Very High
WVX,Very High
XAP,Medium
XAR,Very High
XBA,Very High
XBM,Very High
XBX,Medium
XCF,Very High
XCS,Very High
XCU,Very High
XDL,Very High
XDP,Very High
XDR,Very High
XEJ,Medium
XEL,High
XEN,Medium
XFL,High
XFM,Medium
XGS,Medium
XHT,Very High
XIF,High
XLA,Very High
XLB,Very High
XLC,Very High
XLD,Very High
XLG,High
XLK,Very High
XLL,Very High
XLM,Very High
XLR,Medium
XLS,Very High
XLT,Very High
XLV,Very High
XLW,Very High
XML,Very High
XMP,Very High
XMX,High
XMZ,Very High
XNK,High
XPI,Very High
XPL,High
XPM,Very High
XPP,Very High
XPR,Medium
XPS,Very High
XSB,High
XSC,Very High
XSD,Very High
XSF,Very High
XSL,Very High
XSN,Very High
XSS,Very High
XST,Very High
XTP,Very High
XUL,Medium
XVM,High
XVZ,Medium
XWB,Medium
XWD,High
XXE,Very High
YMG,Very High
YPS,Very High
ZAP,Very High
ZIP,Very High
ZOO,High
ZPL,Very High
ZXP,Very High
